mcc,general_description,full_description
742,Agricultural Services,Veterinary Services
763,Agricultural Services,Agricultural Co-operatives
780,Agricultural Services,"Horticultural Services, Landscaping Services"
1520,Contracted Services,General Contractors-Residential and Commercial
1711,Contracted Services,"Air Conditioning Contractors - Sales and Installation, Heating Contractors - Sales, Service, Installation"
1731,Contracted Services,Electrical Contractors
1740,Contracted Services,"Insulation - Contractors, Masonry, Stonework Contractors, Plastering Contractors, Stonework and Masonry Contractors, Tile Settings Contractors"
1750,Contracted Services,Carpentry Contractors
1761,Contracted Services,"Roofing - Contractors, Sheet Metal Work - Contractors, Siding - Contractors"
1771,Contracted Services,Contractors - Concrete Work
1799,Contracted Services,"Contractors - Special Trade, Not Elsewhere Classified"
2741,Contracted Services,Miscellaneous Publishing and Printing
2791,Contracted Services,"Typesetting, Plate Making, & Related Services"
2842,Contracted Services,"Specialty Cleaning, Polishing, and Sanitation Preparations"
3000,Airlines,UNITED AIRLINES
3001,Airlines,AMERICAN AIRLINES
3002,Airlines,PAN AMERICAN
3003,Airlines,Airlines
3004,Airlines,TRANS WORLD AIRLINES
3005,Airlines,BRITISH AIRWAYS
3006,Airlines,JAPAN AIRLINES
3007,Airlines,AIR FRANCE
3008,Airlines,LUFTHANSA
3009,Airlines,AIR CANADA
3010,Airlines,KLM (ROYAL DUTCH AIRLINES)
3011,Airlines,AEORFLOT
3012,Airlines,QANTAS
3013,Airlines,ALITALIA
3014,Airlines,SAUDIA ARABIAN AIRLINES
3015,Airlines,SWISSAIR
3016,Airlines,SAS
3017,Airlines,SOUTH AFRICAN AIRWAYS
3018,Airlines,VARIG (BRAZIL)
3019,Airlines,Airlines
3020,Airlines,AIR-INDIA
3021,Airlines,AIR ALGERIE
3022,Airlines,PHILIPPINE AIRLINES
3023,Airlines,MEXICANA
3024,Airlines,PAKISTAN INTERNATIONAL
3025,Airlines,AIR NEW ZEALAND
3026,Airlines,Airlines
3027,Airlines,UTA/INTERAIR
3028,Airlines,AIR MALTA
3029,Airlines,SABENA
3030,Airlines,AEROLINEAS ARGENTINAS
3031,Airlines,OLYMPIC AIRWAYS
3032,Airlines,EL AL
3033,Airlines,ANSETT AIRLINES
3034,Airlines,AUSTRAINLIAN AIRLINES
3035,Airlines,TAP (PORTUGAL)
3036,Airlines,VASP (BRAZIL)
3037,Airlines,EGYPTAIR
3038,Airlines,KUWAIT AIRLINES
3039,Airlines,AVIANCA
3040,Airlines,GULF AIR (BAHRAIN)
3041,Airlines,BALKAN-BULGARIAN AIRLINES
3042,Airlines,FINNAIR
3043,Airlines,AER LINGUS
3044,Airlines,AIR LANKA
3045,Airlines,NIGERIA AIRWAYS
3046,Airlines,CRUZEIRO DO SUL (BRAZIJ)
3047,Airlines,THY (TURKEY)
3048,Airlines,ROYAL AIR MAROC
3049,Airlines,TUNIS AIR
3050,Airlines,ICELANDAIR
3051,Airlines,AUSTRIAN AIRLINES
3052,Airlines,LANCHILE
3053,Airlines,AVIACO (SPAIN)
3054,Airlines,LADECO (CHILE)
3055,Airlines,LAB (BOLIVIA)
3056,Airlines,QUEBECAIRE
3057,Airlines,EASTWEST AIRLINES (AUSTRALIA)
3058,Airlines,DELTA
3059,Airlines,Airlines
3060,Airlines,NORTHWEST
3061,Airlines,CONTINENTAL
3062,Airlines,WESTERN
3063,Airlines,US AIR
3064,Airlines,Airlines
3065,Airlines,AIRINTER
3066,Airlines,SOUTHWEST
3067,Airlines,Airlines
3068,Airlines,Airlines
3069,Airlines,SUN COUNTRY AIRLINES
3070,Airlines,Airlines
3071,Airlines,AIR BRITISH COLUBIA
3072,Airlines,Airlines
3073,Airlines,Airlines
3074,Airlines,Airlines
3075,Airlines,SINGAPORE AIRLINES
3076,Airlines,AEROMEXICO
3077,Airlines,THAI AIRWAYS
3078,Airlines,CHINA AIRLINES
3079,Airlines,Airlines
3080,Airlines,Airlines
3081,Airlines,NORDAIR
3082,Airlines,KOREAN AIRLINES
3083,Airlines,AIR AFRIGUE
3084,Airlines,EVA AIRLINES
3085,Airlines,"MIDWEST EXPRESS AIRLINES, INC."
3086,Airlines,Airlines
3087,Airlines,METRO AIRLINES
3088,Airlines,CROATIA AIRLINES
3089,Airlines,TRANSAERO
3090,Airlines,Airlines
3091,Airlines,Airlines
3092,Airlines,Airlines
3093,Airlines,Airlines
3094,Airlines,ZAMBIA AIRWAYS
3095,Airlines,Airlines
3096,Airlines,AIR ZIMBABWE
3097,Airlines,Airlines
3098,Airlines,Airlines
3099,Airlines,CATHAY PACIFIC
3100,Airlines,MALAYSIAN AIRLINE SYSTEM
3101,Airlines,Airlines
3102,Airlines,IBERIA
3103,Airlines,GARUDA (INDONESIA)
3104,Airlines,Airlines
3105,Airlines,Airlines
3106,Airlines,BRAATHENS S.A.F.E. (NORWAY)
3107,Airlines,Airlines
3108,Airlines,Airlines
3109,Airlines,Airlines
3110,Airlines,WINGS AIRWAYS
3111,Airlines,BRITISH MIDLAND
3112,Airlines,WINDWARD ISLAND
3113,Airlines,Airlines
3114,Airlines,Airlines
3115,Airlines,Airlines
3116,Airlines,Airlines
3117,Airlines,VIASA
3118,Airlines,VALLEY AIRLINES
3119,Airlines,Airlines
3120,Airlines,Airlines
3121,Airlines,Airlines
3122,Airlines,Airlines
3123,Airlines,Airlines
3124,Airlines,Airlines
3125,Airlines,TAN
3126,Airlines,TALAIR
3127,Airlines,TACA INTERNATIONAL
3128,Airlines,Airlines
3129,Airlines,SURINAM AIRWAYS
3130,Airlines,SUN WORLD INTERNATIONAL
3131,Airlines,Airlines
3132,Airlines,Airlines
3133,Airlines,SUNBELT AIRLINES
3134,Airlines,Airlines
3135,Airlines,SUDAN AIRWAYS
3136,Airlines,Airlines
3137,Airlines,SINGLETON
3138,Airlines,SIMMONS AIRLINES
3139,Airlines,Airlines
3140,Airlines,Airlines
3141,Airlines,Airlines
3142,Airlines,Airlines
3143,Airlines,SCENIC AIRLINES
3144,Airlines,VIRGIN ATLANTIC
3145,Airlines,SAN JUAN AIRLINES
3146,Airlines,LUXAIR
3147,Airlines,Airlines
3148,Airlines,Airlines
3149,Airlines,Airlines
3150,Airlines,Airlines
3151,Airlines,AIR ZAIRE
3152,Airlines,Airlines
3153,Airlines,Airlines
3154,Airlines,PRINCEVILLE
3155,Airlines,Airlines
3156,Airlines,Airlines
3157,Airlines,Airlines
3158,Airlines,Airlines
3159,Airlines,PBA
3160,Airlines,Airlines
3161,Airlines,ALL NIPPON AIRWAYS
3162,Airlines,Airlines
3163,Airlines,Airlines
3164,Airlines,NORONTAIR
3165,Airlines,NEW YORK HELICOPTER
3166,Airlines,Airlines
3167,Airlines,Airlines
3168,Airlines,Airlines
3169,Airlines,Airlines
3170,Airlines,NOUNT COOK
3171,Airlines,CANADIAN AIRLINES INTERNATIONAL
3172,Airlines,NATIONAIR
3173,Airlines,Airlines
3174,Airlines,Airlines
3175,Airlines,Airlines
3176,Airlines,METROFLIGHT AIRLINES
3177,Airlines,Airlines
3178,Airlines,MESA AIR
3179,Airlines,Airlines
3180,Airlines,Airlines
3181,Airlines,MALEV
3182,Airlines,LOT (POLAND)
3183,Airlines,Airlines
3184,Airlines,LIAT
3185,Airlines,LAV (VENEZUELA)
3186,Airlines,LAP (PARAGUAY)
3187,Airlines,LACSA (COSTA RICA)
3188,Airlines,Airlines
3189,Airlines,Airlines
3190,Airlines,JUGOSLAV AIR
3191,Airlines,ISLAND AIRLINES
3192,Airlines,IRAN AIR
3193,Airlines,INDIAN AIRLINES
3194,Airlines,Airlines
3195,Airlines,Airlines
3196,Airlines,HAWAIIAN AIR
3197,Airlines,HAVASU AIRLINES
3198,Airlines,Airlines
3199,Airlines,Airlines
3200,Airlines,FUYANA AIRWAYS
3201,Airlines,Airlines
3202,Airlines,Airlines
3203,Airlines,GOLDEN PACIFIC AIR
3204,Airlines,FREEDOM AIR
3205,Airlines,Airlines
3206,Airlines,Airlines
3207,Airlines,Airlines
3208,Airlines,Airlines
3209,Airlines,Airlines
3210,Airlines,Airlines
3211,Airlines,Airlines
3212,Airlines,DOMINICANA
3213,Airlines,Airlines
3214,Airlines,Airlines
3215,Airlines,DAN AIR SERVICES
3216,Airlines,CUMBERLAND AIRLINES
3217,Airlines,CSA
3218,Airlines,CROWN AIR
3219,Airlines,COPA
3220,Airlines,COMPANIA FAUCETT
3221,Airlines,TRANSPORTES AEROS MILITARES ECCUATORANOS
3222,Airlines,COMMAND AIRWAYS
3223,Airlines,COMAIR
3224,Airlines,Airlines
3225,Airlines,Airlines
3226,Airlines,Airlines
3227,Airlines,Airlines
3228,Airlines,CAYMAN AIRWAYS
3229,Airlines,SAETA SOCIAEDAD ECUATORIANOS DE TRANSPORTES AEREOS
3230,Airlines,Airlines
3231,Airlines,SASHA SERVICIO AERO DE HONDURAS
3232,Airlines,Airlines
3233,Airlines,CAPITOL AIR
3234,Airlines,BWIA
3235,Airlines,BROKWAY AIR
3236,Airlines,Airlines
3237,Airlines,Airlines
3238,Airlines,BEMIDJI AIRLINES
3239,Airlines,BAR HARBOR AIRLINES
3240,Airlines,BAHAMASAIR
3241,Airlines,AVIATECA (GUATEMALA)
3242,Airlines,AVENSA
3243,Airlines,AUSTRIAN AIR SERVICE
3244,Airlines,Airlines
3245,Airlines,Airlines
3246,Airlines,Airlines
3247,Airlines,Airlines
3248,Airlines,Airlines
3249,Airlines,Airlines
3250,Airlines,Airlines
3251,Airlines,ALOHA AIRLINES
3252,Airlines,ALM
3253,Airlines,AMERICA WEST
3254,Airlines,TRUMP AIRLINE
3255,Airlines,Airlines
3256,Airlines,ALASKA AIRLINES
3257,Airlines,Airlines
3258,Airlines,Airlines
3259,Airlines,AMERICAN TRANS AIR
3260,Airlines,Airlines
3261,Airlines,AIR CHINA
3262,Airlines,"RENO AIR, INC."
3263,Airlines,Airlines
3264,Airlines,Airlines
3265,Airlines,Airlines
3266,Airlines,AIR SEYCHELLES
3267,Airlines,AIR PANAMA
3268,Airlines,Airlines
3269,Airlines,Airlines
3270,Airlines,Airlines
3271,Airlines,Airlines
3272,Airlines,Airlines
3273,Airlines,Airlines
3274,Airlines,Airlines
3275,Airlines,Airlines
3276,Airlines,Airlines
3277,Airlines,Airlines
3278,Airlines,Airlines
3279,Airlines,Airlines
3280,Airlines,AIR JAMAICA
3281,Airlines,Airlines
3282,Airlines,AIR DJIBOUTI
3283,Airlines,Airlines
3284,Airlines,AERO VIRGIN ISLANDS
3285,Airlines,AERO PERU
3286,Airlines,AEROLINEAS NICARAGUENSIS
3287,Airlines,AERO COACH AVAIATION
3288,Airlines,Airlines
3289,Airlines,Airlines
3290,Airlines,Airlines
3291,Airlines,ARIANA AFGHAN
3292,Airlines,CYPRUS AIRWAYS
3293,Airlines,ECUATORIANA
3294,Airlines,ETHIOPIAN AIRLINES
3295,Airlines,KENYA AIRLINES
3296,Airlines,Airlines
3297,Airlines,Airlines
3298,Airlines,AIR MAURITIUS
3299,Airlines,WIDERO’S FLYVESELSKAP
3351,Car Rental,AFFILIATED AUTO RENTAL
3352,Car Rental,AMERICAN INTL RENT-A-CAR
3353,Car Rental,BROOKS RENT-A-CAR
3354,Car Rental,ACTION AUTO RENTAL
3355,Car Rental,Car Rental
3356,Car Rental,Car Rental
3357,Car Rental,HERTZ RENT-A-CAR
3358,Car Rental,Car Rental
3359,Car Rental,PAYLESS CAR RENTAL
3360,Car Rental,SNAPPY CAR RENTAL
3361,Car Rental,AIRWAYS RENT-A-CAR
3362,Car Rental,ALTRA AUTO RENTAL
3363,Car Rental,Car Rental
3364,Car Rental,AGENCY RENT-A-CAR
3365,Car Rental,Car Rental
3366,Car Rental,BUDGET RENT-A-CAR
3367,Car Rental,Car Rental
3368,Car Rental,HOLIDAY RENT-A-WRECK
3369,Car Rental,Car Rental
3370,Car Rental,RENT-A-WRECK
3371,Car Rental,Car Rental
3372,Car Rental,Car Rental
3373,Car Rental,Car Rental
3374,Car Rental,Car Rental
3375,Car Rental,Car Rental
3376,Car Rental,AJAX RENT-A-CAR
3377,Car Rental,Car Rental
3378,Car Rental,Car Rental
3379,Car Rental,Car Rental
3380,Car Rental,Car Rental
3381,Car Rental,EUROP CAR
3382,Car Rental,Car Rental
3383,Car Rental,Car Rental
3384,Car Rental,Car Rental
3385,Car Rental,TROPICAL RENT-A-CAR
3386,Car Rental,SHOWCASE RENTAL CARS
3387,Car Rental,ALAMO RENT-A-CAR
3388,Car Rental,Car Rental
3389,Car Rental,AVIS RENT-A-CAR
3390,Car Rental,DOLLAR RENT-A-CAR
3391,Car Rental,EUROPE BY CAR
3392,Car Rental,Car Rental
3393,Car Rental,NATIONAL CAR RENTAL
3394,Car Rental,KEMWELL GROUP RENT-A-CAR
3395,Car Rental,THRIFTY RENT-A-CAR
3396,Car Rental,TILDEN TENT-A-CAR
3397,Car Rental,Car Rental
3398,Car Rental,ECONO-CAR RENT-A-CAR
3399,Car Rental,Car Rental
3400,Car Rental,AUTO HOST COST CAR RENTALS
3401,Car Rental,Car Rental
3402,Car Rental,Car Rental
3403,Car Rental,Car Rental
3404,Car Rental,Car Rental
3405,Car Rental,ENTERPRISE RENT-A-CAR
3406,Car Rental,Car Rental
3407,Car Rental,Car Rental
3408,Car Rental,Car Rental
3409,Car Rental,GENERAL RENT-A-CAR
3410,Car Rental,Car Rental
3411,Car Rental,Car Rental
3412,Car Rental,A-1 RENT-A-CAR
3413,Car Rental,Car Rental
3414,Car Rental,GODFREY NATL RENT-A-CAR
3415,Car Rental,Car Rental
3416,Car Rental,Car Rental
3417,Car Rental,Car Rental
3418,Car Rental,Car Rental
3419,Car Rental,ALPHA RENT-A-CAR
3420,Car Rental,ANSA INTL RENT-A-CAR
3421,Car Rental,ALLSTAE RENT-A-CAR
3422,Car Rental,Car Rental
3423,Car Rental,AVCAR RENT-A-CAR
3424,Car Rental,Car Rental
3425,Car Rental,AUTOMATE RENT-A-CAR
3426,Car Rental,Car Rental
3427,Car Rental,AVON RENT-A-CAR
3428,Car Rental,CAREY RENT-A-CAR
3429,Car Rental,INSURANCE RENT-A-CAR
3430,Car Rental,MAJOR RENT-A-CAR
3431,Car Rental,REPLACEMENT RENT-A-CAR
3432,Car Rental,RESERVE RENT-A-CAR
3433,Car Rental,UGLY DUCKLING RENT-A-CAR
3434,Car Rental,USA RENT-A-CAR
3435,Car Rental,VALUE RENT-A-CAR
3436,Car Rental,AUTOHANSA RENT-A-CAR
3437,Car Rental,CITE RENT-A-CAR
3438,Car Rental,INTERENT RENT-A-CAR
3439,Car Rental,MILLEVILLE RENT-A-CAR
3440,Car Rental,VIA ROUTE RENT-A-CAR
3441,Car Rental,Car Rental
3501,Lodging,"HOLIDAY INNS, HOLIDAY INN EXPRESS"
3502,Lodging,BEST WESTERN HOTELS
3503,Lodging,SHERATON HOTELS
3504,Lodging,HILTON HOTELS
3505,Lodging,FORTE HOTELS
3506,Lodging,GOLDEN TULIP HOTELS
3507,Lodging,FRIENDSHIP INNS
3508,Lodging,"QUALITY INNS, QUALITY SUITES"
3509,Lodging,MARRIOTT HOTELS
3510,Lodging,"DAYS INN, DAYSTOP"
3511,Lodging,ARABELLA HOTELS
3512,Lodging,INTER-CONTINENTAL HOTELS
3513,Lodging,WESTIN HOTELS
3514,Lodging,Hotels/Motels/Inns/Resorts
3515,Lodging,RODEWAY INNS
3516,Lodging,LA QUINTA MOTOR INNS
3517,Lodging,AMERICANA HOTELS
3518,Lodging,SOL HOTELS
3519,Lodging,PULLMAN INTERNATIONAL HOTELS
3520,Lodging,MERIDIEN HOTELS
3521,Lodging,CREST HOTELS (see FORTE HOTELS)
3522,Lodging,TOKYO HOTEL
3523,Lodging,PENNSULA HOTEL
3524,Lodging,WELCOMGROUP HOTELS
3525,Lodging,DUNFEY HOTELS
3526,Lodging,Hotels/Motels/Inns/Resorts
3527,Lodging,DOWNTOWNER-PASSPORT HOTEL
3528,Lodging,"RED LION HOTELS, RED LION INNS"
3529,Lodging,CP HOTELS
3530,Lodging,"RENAISSANCE HOTELS, STOUFFER HOTELS"
3531,Lodging,ASTIR HOTELS
3532,Lodging,SUN ROUTE HOTELS
3533,Lodging,HOTEL IBIS
3534,Lodging,SOUTHERN PACIFIC HOTELS
3535,Lodging,HILTON INTERNATIONAL
3536,Lodging,AMFAC HOTELS
3537,Lodging,ANA HOTEL
3538,Lodging,CONCORDE HOTELS
3539,Lodging,Hotels/Motels/Inns/Resorts
3540,Lodging,IBEROTEL HOTELS
3541,Lodging,HOTEL OKURA
3542,Lodging,ROYAL HOTELS
3543,Lodging,FOUR SEASONS HOTELS
3544,Lodging,CIGA HOTELS
3545,Lodging,SHANGRI-LA INTERNATIONAL
3546,Lodging,Hotels/Motels/Inns/Resorts
3547,Lodging,Hotels/Motels/Inns/Resorts
3548,Lodging,HOTELES MELIA
3549,Lodging,AUBERGE DES GOVERNEURS
3550,Lodging,REGAL 8 INNS
3551,Lodging,Hotels/Motels/Inns/Resorts
3552,Lodging,COAST HOTELS
3553,Lodging,PARK INNS INTERNATIONAL
3554,Lodging,Hotels/Motels/Inns/Resorts
3555,Lodging,Hotels/Motels/Inns/Resorts
3556,Lodging,Hotels/Motels/Inns/Resorts
3557,Lodging,Hotels/Motels/Inns/Resorts
3558,Lodging,JOLLY HOTELS
3559,Lodging,Hotels/Motels/Inns/Resorts
3560,Lodging,Hotels/Motels/Inns/Resorts
3561,Lodging,Hotels/Motels/Inns/Resorts
3562,Lodging,COMFORT INNS
3563,Lodging,JOURNEY’S END MOTLS
3564,Lodging,Hotels/Motels/Inns/Resorts
3565,Lodging,RELAX INNS
3566,Lodging,Hotels/Motels/Inns/Resorts
3567,Lodging,Hotels/Motels/Inns/Resorts
3568,Lodging,LADBROKE HOTELS
3569,Lodging,Hotels/Motels/Inns/Resorts
3570,Lodging,FORUM HOTELS
3571,Lodging,Hotels/Motels/Inns/Resorts
3572,Lodging,MIYAKO HOTELS
3573,Lodging,SANDMAN HOTELS
3574,Lodging,VENTURE INNS
3575,Lodging,VAGABOND HOTELS
3576,Lodging,Hotels/Motels/Inns/Resorts
3577,Lodging,MANDARIN ORIENTAL HOTEL
3578,Lodging,Hotels/Motels/Inns/Resorts
3579,Lodging,HOTEL MERCURE
3580,Lodging,Hotels/Motels/Inns/Resorts
3581,Lodging,DELTA HOTEL
3582,Lodging,Hotels/Motels/Inns/Resorts
3583,Lodging,SAS HOTELS
3584,Lodging,PRINCESS HOTELS INTERNATIONAL
3585,Lodging,HUNGAR HOTELS
3586,Lodging,SOKOS HOTELS
3587,Lodging,DORAL HOTELS
3588,Lodging,HELMSLEY HOTELS
3589,Lodging,Hotels/Motels/Inns/Resorts
3590,Lodging,FAIRMONT HOTELS
3591,Lodging,SONESTA HOTELS
3592,Lodging,OMNI HOTELS
3593,Lodging,CUNARD HOTELS
3594,Lodging,Hotels/Motels/Inns/Resorts
3595,Lodging,HOSPITALITY INTERNATIONAL
3596,Lodging,Hotels/Motels/Inns/Resorts
3597,Lodging,Hotels/Motels/Inns/Resorts
3598,Lodging,REGENT INTERNATIONAL HOTELS
3599,Lodging,PANNONIA HOTELS
3600,Lodging,Hotels/Motels/Inns/Resorts
3601,Lodging,Hotels/Motels/Inns/Resorts
3602,Lodging,Hotels/Motels/Inns/Resorts
3603,Lodging,NOAH’S HOTELS
3604,Lodging,Hotels/Motels/Inns/Resorts
3605,Lodging,Hotels/Motels/Inns/Resorts
3606,Lodging,Hotels/Motels/Inns/Resorts
3607,Lodging,Hotels/Motels/Inns/Resorts
3608,Lodging,Hotels/Motels/Inns/Resorts
3609,Lodging,Hotels/Motels/Inns/Resorts
3610,Lodging,Hotels/Motels/Inns/Resorts
3611,Lodging,Hotels/Motels/Inns/Resorts
3612,Lodging,MOVENPICK HOTELS
3613,Lodging,Hotels/Motels/Inns/Resorts
3614,Lodging,Hotels/Motels/Inns/Resorts
3615,Lodging,TRAVELODGE
3616,Lodging,Hotels/Motels/Inns/Resorts
3617,Lodging,Hotels/Motels/Inns/Resorts
3618,Lodging,Hotels/Motels/Inns/Resorts
3619,Lodging,Hotels/Motels/Inns/Resorts
3620,Lodging,TELFORD INTERNATIONAL
3621,Lodging,Hotels/Motels/Inns/Resorts
3622,Lodging,MERLIN HOTELS
3623,Lodging,DORINT HOTELS
3624,Lodging,Hotels/Motels/Inns/Resorts
3625,Lodging,HOTLE UNIVERSALE
3626,Lodging,PRINCE HOTELS
3627,Lodging,Hotels/Motels/Inns/Resorts
3628,Lodging,Hotels/Motels/Inns/Resorts
3629,Lodging,DAN HOTELS
3630,Lodging,Hotels/Motels/Inns/Resorts
3631,Lodging,Hotels/Motels/Inns/Resorts
3632,Lodging,Hotels/Motels/Inns/Resorts
3633,Lodging,RANK HOTELS
3634,Lodging,SWISSOTEL
3635,Lodging,RESO HOTELS
3636,Lodging,SAROVA HOTELS
3637,Lodging,"RAMADA INNS, RAMADA LIMITED"
3638,Lodging,"HO JO INN, HOWARD JOHNSON"
3639,Lodging,MOUNT CHARLOTTE THISTLE
3640,Lodging,HYATT HOTEL
3641,Lodging,SOFITEL HOTELS
3642,Lodging,NOVOTEL HOTELS
3643,Lodging,STEIGENBERGER HOTELS
3644,Lodging,ECONO LODGES
3645,Lodging,QUEENS MOAT HOUSES
3646,Lodging,SWALLOW HOTELS
3647,Lodging,HUSA HOTELS
3648,Lodging,DE VERE HOTELS
3649,Lodging,RADISSON HOTELS
3650,Lodging,RED ROOK INNS
3651,Lodging,IMPERIAL LONDON HOTEL
3652,Lodging,EMBASSY HOTELS
3653,Lodging,PENTA HOTELS
3654,Lodging,LOEWS HOTELS
3655,Lodging,SCANDIC HOTELS
3656,Lodging,SARA HOTELS
3657,Lodging,OBEROI HOTELS
3658,Lodging,OTANI HOTELS
3659,Lodging,TAJ HOTELS INTERNATIONAL
3660,Lodging,KNIGHTS INNS
3661,Lodging,METROPOLE HOTELS
3662,Lodging,Hotels/Motels/Inns/Resorts
3663,Lodging,HOTELES EL PRESIDENTS
3664,Lodging,FLAG INN
3665,Lodging,HAMPTON INNS
3666,Lodging,STAKIS HOTELS
3667,Lodging,Hotels/Motels/Inns/Resorts
3668,Lodging,MARITIM HOTELS
3669,Lodging,Hotels/Motels/Inns/Resorts
3670,Lodging,ARCARD HOTELS
3671,Lodging,ARCTIA HOTELS
3672,Lodging,CAMPANIEL HOTELS
3673,Lodging,IBUSZ HOTELS
3674,Lodging,RANTASIPI HOTELS
3675,Lodging,INTERHOTEL CEDOK
3676,Lodging,Hotels/Motels/Inns/Resorts
3677,Lodging,CLIMAT DE FRANCE HOTELS
3678,Lodging,CUMULUS HOTELS
3679,Lodging,DANUBIUS HOTEL
3680,Lodging,Hotels/Motels/Inns/Resorts
3681,Lodging,ADAMS MARK HOTELS
3682,Lodging,ALLSTAR INNS
3683,Lodging,Hotels/Motels/Inns/Resorts
3684,Lodging,BUDGET HOST INNS
3685,Lodging,BUDGETEL HOTELS
3686,Lodging,SUISSE CHALETS
3687,Lodging,CLARION HOTELS
3688,Lodging,COMPRI HOTELS
3689,Lodging,CONSORT HOTELS
3690,Lodging,COURTYARD BY MARRIOTT
3691,Lodging,DILLION INNS
3692,Lodging,DOUBLETREE HOTELS
3693,Lodging,DRURY INNS
3694,Lodging,ECONOMY INNS OF AMERICA
3695,Lodging,EMBASSY SUITES
3696,Lodging,EXEL INNS
3697,Lodging,FARFIELD HOTELS
3698,Lodging,HARLEY HOTELS
3699,Lodging,MIDWAY MOTOR LODGE
3700,Lodging,MOTEL 6
3701,Lodging,GUEST QUARTERS (Formally PICKETT SUITE HOTELS)
3702,Lodging,THE REGISTRY HOTELS
3703,Lodging,RESIDENCE INNS
3704,Lodging,ROYCE HOTELS
3705,Lodging,SANDMAN INNS
3706,Lodging,SHILO INNS
3707,Lodging,SHONEY’S INNS
3708,Lodging,Hotels/Motels/Inns/Resorts
3709,Lodging,SUPER8 MOTELS
3710,Lodging,THE RITZ CARLTON HOTELS
3711,Lodging,FLAG INNS (AUSRALIA)
3712,Lodging,GOLDEN CHAIN HOTEL
3713,Lodging,QUALITY PACIFIC HOTEL
3714,Lodging,FOUR SEASONS HOTEL (AUSTRALIA)
3715,Lodging,FARIFIELD INN
3716,Lodging,CARLTON HOTELS
3717,Lodging,CITY LODGE HOTELS
3718,Lodging,KAROS HOTELS
3719,Lodging,PROTEA HOTELS
3720,Lodging,SOUTHERN SUN HOTELS
3721,Lodging,HILTON CONRAD
3722,Lodging,WYNDHAM HOTEL AND RESORTS
3723,Lodging,RICA HOTELS
3724,Lodging,INER NOR HOTELS
3725,Lodging,SEAINES PLANATION
3726,Lodging,RIO SUITES
3727,Lodging,BROADMOOR HOTEL
3728,Lodging,BALLY’S HOTEL AND CASINO
3729,Lodging,JOHN ASCUAGA’S NUGGET
3730,Lodging,MGM GRAND HOTEL
3731,Lodging,HARRAH’S HOTELS AND CASINOS
3732,Lodging,OPRYLAND HOTEL
3733,Lodging,BOCA RATON RESORT
3734,Lodging,HARVEY/BRISTOL HOTELS
3735,Lodging,Hotels/Motels/Inns/Resorts
3736,Lodging,COLORADO BELLE/EDGEWATER RESORT
3737,Lodging,RIVIERA HOTEL AND CASINO
3738,Lodging,TROPICANA RESORT AND CASINO
3739,Lodging,WOODSIDE HOTELS AND RESORTS
3740,Lodging,TOWNPLACE SUITES
3741,Lodging,MILLENIUM BROADWAY HOTEL
3742,Lodging,CLUB MED
3743,Lodging,BILTMORE HOTEL AND SUITES
3744,Lodging,CAREFREE RESORTS
3745,Lodging,ST. REGIS HOTEL
3746,Lodging,THE ELIOT HOTEL
3747,Lodging,CLUBCORP/CLUB RESORTS
3748,Lodging,WELESLEY INNS
3749,Lodging,THE BEVERLY HILLS HOTEL
3750,Lodging,CROWNE PLAZA HOTELS
3751,Lodging,HOMEWOOD SUITES
3752,Lodging,PEABODY HOTELS
3753,Lodging,GREENBRIAH RESORTS
3754,Lodging,AMELIA ISLAND PLANATION
3755,Lodging,THE HOMESTEAD
3756,Lodging,SOUTH SEAS RESORTS
3757,Lodging,Hotels/Motels/Inns/Resorts
3758,Lodging,Hotels/Motels/Inns/Resorts
3759,Lodging,Hotels/Motels/Inns/Resorts
3760,Lodging,Hotels/Motels/Inns/Resorts
3761,Lodging,Hotels/Motels/Inns/Resorts
3762,Lodging,Hotels/Motels/Inns/Resorts
3763,Lodging,Hotels/Motels/Inns/Resorts
3764,Lodging,Hotels/Motels/Inns/Resorts
3765,Lodging,Hotels/Motels/Inns/Resorts
3766,Lodging,Hotels/Motels/Inns/Resorts
3767,Lodging,Hotels/Motels/Inns/Resorts
3768,Lodging,Hotels/Motels/Inns/Resorts
3769,Lodging,Hotels/Motels/Inns/Resorts
3770,Lodging,Hotels/Motels/Inns/Resorts
3771,Lodging,Hotels/Motels/Inns/Resorts
3772,Lodging,Hotels/Motels/Inns/Resorts
3773,Lodging,Hotels/Motels/Inns/Resorts
3774,Lodging,Hotels/Motels/Inns/Resorts
3775,Lodging,Hotels/Motels/Inns/Resorts
3776,Lodging,Hotels/Motels/Inns/Resorts
3777,Lodging,Hotels/Motels/Inns/Resorts
3778,Lodging,Hotels/Motels/Inns/Resorts
3779,Lodging,Hotels/Motels/Inns/Resorts
3780,Lodging,Hotels/Motels/Inns/Resorts
3781,Lodging,Hotels/Motels/Inns/Resorts
3782,Lodging,Hotels/Motels/Inns/Resorts
3783,Lodging,Hotels/Motels/Inns/Resorts
3784,Lodging,Hotels/Motels/Inns/Resorts
3785,Lodging,Hotels/Motels/Inns/Resorts
3786,Lodging,Hotels/Motels/Inns/Resorts
3787,Lodging,Hotels/Motels/Inns/Resorts
3788,Lodging,Hotels/Motels/Inns/Resorts
3789,Lodging,Hotels/Motels/Inns/Resorts
3790,Lodging,Hotels/Motels/Inns/Resorts
3816,Lodging,Home2Suites
3835,Lodging,* MASTERS ECONOMY INNS
4011,Transportation Services,Railroads
4111,Transportation Services,"Local/Suburban Commuter Passenger Transportation - Railroads, Feries, Local Water Transportation."
4112,Transportation Services,Passenger Railways
4119,Transportation Services,Ambulance Services
4121,Transportation Services,Taxicabs and Limousines
4131,Transportation Services,"Bus Lines, Including Charters, Tour Buses"
4214,Transportation Services,"Motor Freight Carriers, Moving and Storage Companies, Trucking - Local/Long Distance, Delivery Services - Local"
4215,Transportation Services,"Courier Services - Air or Ground, Freight forwarders"
4225,Transportation Services,"Public warehousing, Storage"
4411,Transportation Services,Cruise and Steamship Lines
4457,Transportation Services,Boat Rentals and Leases
4468,Transportation Services,"Marinas, Marine Service, and Supplies"
4511,Transportation Services,"Airlines, Air Carriers (not listed elsewhere)"
4582,Transportation Services,"Airports, Airport Terminals, Flying Fields"
4722,Transportation Services,Travel Agencies and Tour Operations
4723,Transportation Services,Package Tour Operators (For use in Germany only)
4784,Transportation Services,Toll and Bridge Fees
4789,Transportation Services,"Transportation Services, Not elsewhere classified)"
4812,Utility Services,Telecommunications Equipment including telephone sales
4814,Utility Services,"Fax services, Telecommunication Services"
4815,Utility Services,VisaPhone
4816,Utility Services,Computer Network Services
4821,Utility Services,Telegraph services
4829,Utility Services,Money Orders - Wire Transfer
4899,Utility Services,Cable and other pay television (previously Cable Services)
4900,Utility Services,"Electric, Gas, Sanitary and Water Utilities"
5013,Retail Outlet Services,Motor vehicle supplies and new parts
5021,Retail Outlet Services,Office and Commercial Furniture
5039,Retail Outlet Services,"Construction Materials, Not Elsewhere Classified"
5044,Retail Outlet Services,"Office, Photographic, Photocopy, and Microfilm Equipment"
5045,Retail Outlet Services,"Computers, Computer Peripheral Equipment, Software"
5046,Retail Outlet Services,"Commercial Equipment, Not Elsewhere Classified"
5047,Retail Outlet Services,"Medical, Dental Ophthalmic, Hospital Equipment and Supplies"
5051,Retail Outlet Services,Metal Service Centers and Offices
5065,Retail Outlet Services,Electrical Parts and Equipment
5072,Retail Outlet Services,Hardware Equipment and Supplies
5074,Retail Outlet Services,Plumbing and Heating Equipment and Supplies
5085,Retail Outlet Services,"Industrial Supplies, Not Elsewhere Classified"
5094,Retail Outlet Services,"Precious Stones and Metals, Watches and Jewelry"
5099,Retail Outlet Services,"Durable Goods, Not Elsewhere Classified"
5111,Retail Outlet Services,"Stationery, Office Supplies, Printing, and Writing Paper"
5122,Retail Outlet Services,"Drugs, Drug Proprietors, and Druggist’s Sundries"
5131,Retail Outlet Services,"Piece Goods, Notions, and Other Dry Goods"
5137,Retail Outlet Services,Men’s Women’s and Children’s Uniforms and Commercial Clothing
5139,Retail Outlet Services,Commercial Footwear
5169,Retail Outlet Services,"Chemicals and Allied Products, Not Elsewhere Classified"
5172,Retail Outlet Services,Petroleum and Petroleum Products
5192,Retail Outlet Services,"Books, Periodicals, and Newspapers"
5193,Retail Outlet Services,"Florists’ Supplies, Nursery Stock and Flowers"
5198,Retail Outlet Services,"Paints, Varnishes, and Supplies"
5199,Retail Outlet Services,"Non-durable Goods, Not Elsewhere Classified"
5200,Retail Outlet Services,Home Supply Warehouse Stores
5211,Retail Outlet Services,Lumber and Building Materials Stores
5231,Retail Outlet Services,"Glass, Paint, and Wallpaper Stores"
5251,Retail Outlet Services,Hardware Stores
5261,Retail Outlet Services,Nurseries - Lawn and Garden Supply Store
5271,Retail Outlet Services,Mobile Home Dealers
5300,Retail Outlet Services,Wholesale Clubs
5309,Retail Outlet Services,Duty Free Store
5310,Retail Outlet Services,Discount Stores
5311,Retail Outlet Services,Department Stores
5331,Retail Outlet Services,Variety Stores
5399,Retail Outlet Services,Misc. General Merchandise
5411,Retail Outlet Services,"Grocery Stores, Supermarkets"
5422,Retail Outlet Services,Meat Provisioners - Freezer and Locker
5441,Retail Outlet Services,"Candy, Nut, and Confectionery Stores"
5451,Retail Outlet Services,Dairy Products Stores
5462,Retail Outlet Services,Bakeries
5499,Retail Outlet Services,Misc. Food Stores - Convenience Stores and Specialty Markets
5511,Retail Outlet Services,"Car and Truck Dealers (New and Used) Sales, Service, Repairs, Parts, and Leasing"
5521,Retail Outlet Services,Automobile and Truck Dealers (Used Only)
5531,Retail Outlet Services,Automobile Supply Stores
5532,Retail Outlet Services,Automotive Tire Stores
5533,Retail Outlet Services,"Automotive Parts, Accessories Stores"
5541,Retail Outlet Services,Service Stations (with or without ancillary services)
5542,Retail Outlet Services,Automated Fuel Dispensers
5551,Retail Outlet Services,Boat Dealers
5561,Retail Outlet Services,"Recreational and Utility Trailers, Camp Dealers"
5571,Retail Outlet Services,Motorcycle Dealers
5592,Retail Outlet Services,Motor Home Dealers
5598,Retail Outlet Services,Snowmobile Dealers
5599,Retail Outlet Services,Miscellaneous Auto Dealers 
5611,Clothing Stores,Men’s and Boy’s Clothing and Accessories Stores
5621,Clothing Stores,Women’s Ready-to-Wear Stores
5631,Clothing Stores,Women’s Accessory and Specialty Shops
5641,Clothing Stores,Children’s and Infant’s Wear Stores
5651,Clothing Stores,Family Clothing Stores
5655,Clothing Stores,"Sports Apparel, Riding Apparel Stores"
5661,Clothing Stores,Shoe Stores
5681,Clothing Stores,Furriers and Fur Shops
5691,Clothing Stores,Men’s and Women’s Clothing Stores
5697,Clothing Stores,"Tailors, Seamstress, Mending, and Alterations"
5698,Clothing Stores,Wig and Toupee Stores
5699,Clothing Stores,Miscellaneous Apparel and Accessory Shops
5712,Miscellaneous Stores,"Furniture, Home Furnishings, and Equipment Stores, ExceptAppliances"
5713,Miscellaneous Stores,Floor Covering Stores
5714,Miscellaneous Stores,"Drapery, Window Covering and Upholstery Stores"
5718,Miscellaneous Stores,"Fireplace, Fireplace Screens, and Accessories Stores"
5719,Miscellaneous Stores,Miscellaneous Home Furnishing Specialty Stores
5722,Miscellaneous Stores,Household Appliance Stores
5732,Miscellaneous Stores,Electronic Sales
5733,Miscellaneous Stores,"Music Stores, Musical Instruments, Piano Sheet Music"
5734,Miscellaneous Stores,Computer Software Stores
5735,Miscellaneous Stores,Record Shops
5811,Miscellaneous Stores,Caterers
5812,Miscellaneous Stores,Eating places and Restaurants
5813,Miscellaneous Stores,"Drinking Places (Alcoholic Beverages), Bars, Taverns, Cocktail lounges, Nightclubs and Discotheques"
5814,Miscellaneous Stores,Fast Food Restaurants
5815,Miscellaneous Stores,"Digital Goods: Media, Books, Movies, Music"
5816,Miscellaneous Stores,Digital Goods: Games
5817,Miscellaneous Stores,Digital Goods: Applications (Excludes Games)
5818,Miscellaneous Stores,Digital Goods: Large Digital Goods Merchant
5832,Miscellaneous Stores,"Antique Shops - Sales, Repairs, and Restoration Services"
5912,Miscellaneous Stores,Drug Stores and Pharmacies
5921,Miscellaneous Stores,"Package Stores - Beer, Wine, and Liquor"
5931,Miscellaneous Stores,Used Merchandise and Secondhand Stores
5932,Miscellaneous Stores,Antique Shops
5933,Miscellaneous Stores,Pawn Shops and Salvage Yards
5935,Miscellaneous Stores,Wrecking and Salvage Yards
5937,Miscellaneous Stores,Antique Reproductions
5940,Miscellaneous Stores,Bicycle Shops - Sales and Service
5941,Miscellaneous Stores,Sporting Goods Stores
5942,Miscellaneous Stores,Book Stores
5943,Miscellaneous Stores,"Stationery Stores, Office and School Supply Stores"
5944,Miscellaneous Stores,"Watch, Clock, Jewelry, and Silverware Stores"
5945,Miscellaneous Stores,"Hobby, Toy, and Game Shops"
5946,Miscellaneous Stores,Camera and Photographic Supply Stores
5947,Miscellaneous Stores,"Card Shops, Gift, Novelty, and Souvenir Shops"
5948,Miscellaneous Stores,Leather Goods Stores
5949,Miscellaneous Stores,"Sewing, Needle, Fabric, and Price Goods Stores"
5950,Miscellaneous Stores,Glassware/Crystal Stores
5960,Miscellaneous Stores,Direct Marketing- Insurance Service
5961,Miscellaneous Stores,"Mail Order Houses Including Catalog Order Stores, Book/Record Clubs (No longer permitted for U.S. original presentments)"
5962,Miscellaneous Stores,Direct Marketing - Travel Related Arrangements Services
5963,Miscellaneous Stores,Door-to-Door Sales
5964,Miscellaneous Stores,Direct Marketing - Catalog Merchant
5965,Miscellaneous Stores,Direct Marketing - Catalog and Catalog and Retail Merchant
5966,Miscellaneous Stores,Direct Marketing- Outbound Telemarketing Merchant
5967,Miscellaneous Stores,Direct Marketing - Inbound Teleservices Merchant
5968,Miscellaneous Stores,Direct Marketing - Continuity/Subscription Merchant
5969,Miscellaneous Stores,Direct Marketing - Not Elsewhere Classified
5970,Miscellaneous Stores,Artist’s Supply and Craft Shops
5971,Miscellaneous Stores,Art Dealers and Galleries
5972,Miscellaneous Stores,Stamp and Coin Stores - Philatelic and Numismatic Supplies
5973,Miscellaneous Stores,Religious Goods Stores
5975,Miscellaneous Stores,"Hearing Aids - Sales, Service, and Supply Stores"
5976,Miscellaneous Stores,Orthopedic Goods Prosthetic Devices
5977,Miscellaneous Stores,Cosmetic Stores
5978,Miscellaneous Stores,"Typewriter Stores - Sales, Rental, Service"
5983,Miscellaneous Stores,"Fuel - Fuel Oil, Wood, Coal, Liquefied Petroleum"
5992,Miscellaneous Stores,Florists
5993,Miscellaneous Stores,Cigar Stores and Stands
5994,Miscellaneous Stores,News Dealers and Newsstands
5995,Miscellaneous Stores,"Pet Shops, Pet Foods, and Supplies Stores"
5996,Miscellaneous Stores,"Swimming Pools - Sales, Service, and Supplies"
5997,Miscellaneous Stores,Electric Razor Stores - Sales and Service
5998,Miscellaneous Stores,Tent and Awning Shops
5999,Miscellaneous Stores,Miscellaneous and Specialty Retail Stores
6010,Miscellaneous Stores,Financial Institutions - Manual Cash Disbursements
6011,Miscellaneous Stores,Financial Institutions - Manual Cash Disbursements
6012,Miscellaneous Stores,Financial Institutions - Merchandise and Services
6051,Miscellaneous Stores,"Non-Financial Institutions - Foreign Currency, Money Orders (not wire transfer) and Travelers Cheques"
6211,Miscellaneous Stores,Security Brokers/Dealers
6300,Miscellaneous Stores,"Insurance Sales, Underwriting, and Premiums"
6381,Miscellaneous Stores,"Insurance Premiums, (no longer valid for first presentment work)"
6399,Miscellaneous Stores,"Insurance, Not Elsewhere Classified (no longer valid forfirst presentment work)"
6513,Miscellaneous Stores,Real Estate Agents and Managers - Rentals
7011,Miscellaneous Stores,"Lodging - Hotels, Motels, Resorts, Central Reservation Services (not elsewhere classified)"
7012,Miscellaneous Stores,Timeshares
7032,Miscellaneous Stores,Sporting and Recreational Camps
7033,Miscellaneous Stores,Trailer Parks and Camp Grounds
7210,Miscellaneous Stores,"Laundry, Cleaning, and Garment Services"
7211,Miscellaneous Stores,Laundry - Family and Commercial
7216,Miscellaneous Stores,Dry Cleaners
7217,Miscellaneous Stores,Carpet and Upholstery Cleaning
7221,Miscellaneous Stores,Photographic Studios
7230,Miscellaneous Stores,Barber and Beauty Shops
7251,Miscellaneous Stores,"Shop Repair Shops and Shoe Shine Parlors, and Hat Cleaning Shops"
7261,Miscellaneous Stores,Funeral Service and Crematories
7273,Miscellaneous Stores,Dating and Escort Services
7276,Miscellaneous Stores,Tax Preparation Service
7277,Miscellaneous Stores,"Counseling Service - Debt, Marriage, Personal"
7278,Miscellaneous Stores,"Buying/Shopping Services, Clubs"
7296,Miscellaneous Stores,"Clothing Rental - Costumes, Formal Wear, Uniforms"
7297,Miscellaneous Stores,Massage Parlors
7298,Miscellaneous Stores,Health and Beauty Shops
7299,Miscellaneous Stores,Miscellaneous Personal Services (not elsewhere classifies)
7311,Business Services,Advertising Services
7321,Business Services,Consumer Credit Reporting Agencies
7332,Business Services,Blueprinting and Photocopying Services
7333,Business Services,"Commercial Photography, Art and Graphics"
7338,Business Services,"Quick Copy, Reproduction and Blueprinting Services"
7339,Business Services,Stenographic and Secretarial Support Services
7342,Business Services,Exterminating and Disinfecting Services
7349,Business Services,"Cleaning and Maintenance, Janitorial Services"
7361,Business Services,"Employment Agencies, Temporary Help Services"
7372,Business Services,"Computer Programming, Integrated Systems Design and Data Processing Services"
7375,Business Services,Information Retrieval Services
7379,Business Services,"Computer Maintenance and Repair Services, Not Elsewhere Classified"
7392,Business Services,"Management, Consulting, and Public Relations Services"
7393,Business Services,Protective and Security Services - Including Armored Carsand Guard Dogs
7394,Business Services,"Equipment Rental and Leasing Services, Tool Rental, Furniture Rental, and Appliance Rental"
7395,Business Services,"Photofinishing Laboratories, Photo Developing"
7399,Business Services,"Business Services, Not Elsewhere Classified"
7511,Business Services,Truck Stop
7512,Business Services,Car Rental Companies (Not Listed Below)
7513,Business Services,Truck and Utility Trailer Rentals
7519,Business Services,Motor Home and Recreational Vehicle Rentals
7523,Business Services,Automobile Parking Lots and Garages
7531,Business Services,Automotive Body Repair Shops
7534,Business Services,Tire Re-treading and Repair Shops
7535,Business Services,Paint Shops - Automotive
7538,Business Services,Automotive Service Shops
7542,Business Services,Car Washes
7549,Business Services,Towing Services
7622,Business Services,Radio Repair Shops
7623,Business Services,Air Conditioning and Refrigeration Repair Shops
7629,Business Services,Electrical And Small Appliance Repair Shops
7631,Business Services,"Watch, Clock, and Jewelry Repair"
7641,Business Services,"Furniture, Furniture Repair, and Furniture Refinishing"
7692,Business Services,Welding Repair
7699,Business Services,Repair Shops and Related Services -Miscellaneous
7800,Business Services,Government-Owned Lotteries
7801,Business Services,Government-Licensed On-Line Casinos (On-Line Gambling)
7802,Business Services,Government-Licensed Horse/Dog Racing
7829,Business Services,Motion Pictures and Video Tape Production and Distribution
7832,Business Services,Motion Picture Theaters
7841,Business Services,Video Tape Rental Stores
7911,Business Services,"Dance Halls, Studios and Schools"
7922,Business Services,"Theatrical Producers (Except Motion Pictures), Ticket Agencies"
7929,Business Services,"Bands, Orchestras, and Miscellaneous Entertainers (Not Elsewhere Classified)"
7932,Business Services,Billiard and Pool Establishments
7933,Business Services,Bowling Alleys
7941,Business Services,"Commercial Sports, Athletic Fields, Professional Sport Clubs, and Sport Promoters"
7991,Business Services,Tourist Attractions and Exhibits
7992,Business Services,Golf Courses - Public
7993,Business Services,Video Amusement Game Supplies
7994,Business Services,Video Game Arcades/Establishments
7995,Business Services,"Betting (including Lottery Tickets, Casino Gaming Chips, Off-track Betting and Wagers at Race Tracks)"
7996,Business Services,"Amusement Parks, Carnivals, Circuses, Fortune Tellers"
7997,Business Services,"Membership Clubs (Sports, Recreation, Athletic), Country Clubs, and Private Golf Courses"
7998,Business Services,"Aquariums, Sea-aquariums, Dolphinariums"
7999,Business Services,Recreation Services (Not Elsewhere Classified)
8011,Professional Services and Membership Organizations,Doctors and Physicians (Not Elsewhere Classified)
8021,Professional Services and Membership Organizations,Dentists and Orthodontists
8031,Professional Services and Membership Organizations,Osteopaths
8041,Professional Services and Membership Organizations,Chiropractors
8042,Professional Services and Membership Organizations,Optometrists and Ophthalmologists
8043,Professional Services and Membership Organizations,"Opticians, Opticians Goods and Eyeglasses"
8044,Professional Services and Membership Organizations,"Opticians, Optical Goods, and Eyeglasses (no longer validfor first presentments)"
8049,Professional Services and Membership Organizations,Podiatrists and Chiropodists
8050,Professional Services and Membership Organizations,Nursing and Personal Care Facilities
8062,Professional Services and Membership Organizations,Hospitals
8071,Professional Services and Membership Organizations,Medical and Dental Laboratories
8099,Professional Services and Membership Organizations,Medical Services and Health Practitioners (Not Elsewhere Classified)
8111,Professional Services and Membership Organizations,Legal Services and Attorneys
8211,Professional Services and Membership Organizations,Elementary and Secondary Schools
8220,Professional Services and Membership Organizations,"Colleges, Junior Colleges, Universities, and ProfessionalSchools"
8241,Professional Services and Membership Organizations,Correspondence Schools
8244,Professional Services and Membership Organizations,Business and Secretarial Schools
8249,Professional Services and Membership Organizations,Vocational Schools and Trade Schools
8299,Professional Services and Membership Organizations,Schools and Educational Services (Not Elsewhere Classified)
8351,Professional Services and Membership Organizations,Child Care Services
8398,Professional Services and Membership Organizations,Charitable and Social Service Organizations
8641,Professional Services and Membership Organizations,"Civic, Fraternal, and Social Associations"
8651,Professional Services and Membership Organizations,Political Organizations
8661,Professional Services and Membership Organizations,Religious Organizations
8675,Professional Services and Membership Organizations,Automobile Associations
8699,Professional Services and Membership Organizations,Membership Organizations (Not Elsewhere Classified)
8734,Professional Services and Membership Organizations,Testing Laboratories (non-medical)
8911,Professional Services and Membership Organizations,Architectural - Engineering and Surveying Services
8931,Professional Services and Membership Organizations,"Accounting, Auditing, and Bookkeeping Services"
8999,Professional Services and Membership Organizations,Professional Services (Not Elsewhere Defined)
9211,Government Services,"Court Costs, including Alimony and Child Support"
9222,Government Services,Fines
9223,Government Services,Bail and Bond Payments
9311,Government Services,Tax Payments
9399,Government Services,Government Services (Not Elsewhere Classified)
9402,Government Services,Postal Services - Government Only
9405,Government Services,Intra - Government Transactions
9700,Government Services,Automated Referral Service (For Visa Only)
9701,Government Services,Visa Credential Service (For Visa Only)
9702,Government Services,GCAS Emergency Services (For Visa Only)
9950,Government Services,Intra - Company Purchases (For Visa Only)
